epoch,train_loss,train_acc,val_loss,val_acc,lr
1,1.7418524101222206,39.64902186421174,1.6047458204606388,45.635103926096996,0.001
2,1.5589265012356985,47.68699654775604,1.5460118791522937,48.17551963048499,0.001
3,1.4867607982029711,50.24741081703107,1.4827561763913197,50.43879907621247,0.001
4,1.4366750296295308,52.48561565017261,1.408898105329509,52.79445727482679,0.001
5,1.400446909069329,54.01611047180668,1.4219982167589746,50.762124711316396,0.001
